OAG ANALYSER,,,,,,,,,,,,,
VERSION: 2.0.1.  Data load date: 06 Apr 2025,,,,,,,,,,,,,
,,,,,,,,,,,,,
SEARCH ATTRIBUTES/PARAMETERS:,,,,,,,,,,,,,
Report Type: Schedules Capacity Report,,,,,,,,,,,,,
"Dimensions: [Published Carrier, Flight Number, Origin, Destination, Departure Time, Arrival Time, Op Days, Elapsed Time, Distance (KM), Stops, Equipment]",,,,,,,,,,,,,
"Metrics: [Frequency, Seats]",,,,,,,,,,,,,
"Type of Operation: Published carrier, Operating Flights",,,,,,,,,,,,,
Carrier Category: All,,,,,,,,,,,,,
Include alliance affiliates: false,,,,,,,,,,,,,
To/From: Airport(s) Included[PKX],,,,,,,,,,,,,
Flight Type: All,,,,,,,,,,,,,
"Service type: C,G,J,Q,S",,,,,,,,,,,,,
Include Surface: false,,,,,,,,,,,,,
Non-stop: true,,,,,,,,,,,,,
"Equipment Group: A,H,J,JN,JW,P,RJ,T,",,,,,,,,,,,,,
Period: Date 04Apr2025 to 04Apr2025,,,,,,,,,,,,,
TimeSeries: true,,,,,,,,,,,,,
,,,,,,,,,,,,,
MONTHLY DATED AT 4 2025,,,,,,,,,,,,,
REPORT DATED AT: Apr 8-2025. TIME: 12:12 (BST),,,,,,,,,,,,,
,,,,,,,,,,,,,
Published Carrier,Flight Number,Origin,Destination,Departure Time,Arrival Time,Op Days,Elapsed Time,Distance (KM),Stops,Equipment,Frequency,Seats,Time series
KN,5978,PVG,PKX,0820,1025,1234567,02:05,1049,0,737,1,185,2025-04-04
KN,5158,TFU,PKX,2000,2245,23 5 7,02:45,1492,0,737,1,185,2025-04-04
KN,5529,PKX,HLH,1805,2015,234567,02:10,871,0,737,1,185,2025-04-04
MU,9724,PKX,DLU,0830,1200,1234567,03:30,2147,0,737,1,132,2025-04-04
MU,5149,PKX,NGB,0730,0940,1 3 5,02:10,1170,0,320,1,156,2025-04-04
MU,6681,PKX,CKG,0715,1000,34567,02:45,1405,0,321,1,173,2025-04-04
RY,8866,PKX,KHN,1300,1530,1234567,02:30,1184,0,738,1,169,2025-04-04
CA,8618,SWA,PKX,2000,2300,123 5 7,03:00,1786,0,738,1,159,2025-04-04
KN,5857,PKX,SZX,0715,1035,1234567,03:20,1889,0,737,1,175,2025-04-04
CA,8686,PKX,PVG,2035,2235,23 5,02:00,1049,0,321,1,177,2025-04-04
KN,5891,PKX,FUO,0945,1305,1234567,03:20,1852,0,737,1,185,2025-04-04
MU,5186,PVG,PKX,2140,0005,1234567,02:25,1049,0,320,1,156,2025-04-04
MU,2832,PKX,NKG,1805,2020,12 4567,02:15,890,0,320,1,156,2025-04-04
CA,8660,NDG,PKX,1805,2030,1  4567,02:25,1051,0,738,1,159,2025-04-04
MU,2118,PKX,XIY,1900,2115,5,02:15,880,0,321,1,180,2025-04-04
MU,5016,HKG,PKX,1335,1715,23 567,03:40,1925,0,320,1,156,2025-04-04
MU,2107,XIY,PKX,1200,1400,2 45 7,02:00,880,0,321,1,180,2025-04-04
MU,2416,PKX,LHW,1905,2130,1234567,02:25,1165,0,320,1,156,2025-04-04
CA,8361,PKX,JUZ,0825,1035,1 3 5 7,02:10,1193,0,738,1,167,2025-04-04
KN,878,VVO,PKX,1900,1955,234567,02:55,1376,0,737,1,177,2025-04-04
KN,5362,HUZ,PKX,1940,2240,1 3 5 7,03:00,1838,0,737,1,185,2025-04-04
CA,8648,KMG,PKX,0815,1125,5,03:10,2034,0,738,1,167,2025-04-04
KN,5966,JJN,PKX,2045,2345,45,03:00,1648,0,737,1,143,2025-04-04
MU,6488,PKX,NGB,2155,0010,12345 7,02:15,1170,0,321,1,180,2025-04-04
CA,8374,XMN,PKX,2155,0100,5,03:05,1670,0,73G,1,128,2025-04-04
KN,5965,PKX,JJN,1705,2000,45,02:55,1648,0,737,1,143,2025-04-04
KN,5530,HLH,PKX,2100,2255,12345 7,01:55,871,0,737,1,185,2025-04-04
KN,5871,PKX,WHA,1155,1415,3456,02:20,954,0,737,1,143,2025-04-04
KN,5852,SZX,PKX,1740,2100,1   5 7,03:20,1889,0,737,1,185,2025-04-04
MU,2075,PKX,SVO,1155,1525,1234567,08:30,5827,0,333,1,292,2025-04-04
MU,2460,PKX,ENH,0830,1110,1234567,02:40,1197,0,73E,1,168,2025-04-04
MU,6268,KHN,PKX,2135,2340,2  5,02:05,1184,0,320,1,156,2025-04-04
MH,319,PKX,KUL,1000,1630,1234567,06:30,4347,0,333,1,290,2025-04-04
MU,2120,PKX,XIY,2015,2220,1234567,02:05,880,0,919,1,162,2025-04-04
MU,6650,CTU,PKX,1730,2015,123456,02:45,1505,0,321,1,180,2025-04-04
MU,6302,CAN,PKX,0735,1025,12345,02:50,1814,0,73L,1,174,2025-04-04
MU,5716,PKX,LJG,2050,0035,1234567,03:45,2066,0,737,1,132,2025-04-04
CZ,6220,PKX,HRB,1200,1400,56,02:00,1053,0,32Q,1,194,2025-04-04
CZ,6219,HRB,PKX,0830,1055,56,02:25,1053,0,32Q,1,194,2025-04-04
QW,6246,PKX,XIC,1725,2040,1234567,03:15,1830,0,320,1,157,2025-04-04
CZ,6130,PKX,DLC,1240,1400,5,01:20,446,0,321,1,194,2025-04-04
JD,5222,ERL,PKX,2225,2340,1234567,01:15,563,0,320,1,134,2025-04-04
MF,8115,FOC,PKX,0800,1050,3 5,02:50,1537,0,738,1,163,2025-04-04
MF,8394,SYX,PKX,1225,1620,1234567,03:55,2449,0,32Q,1,206,2025-04-04
CZ,3147,CSX,PKX,1730,2000,5 7,02:30,1291,0,32N,1,165,2025-04-04
CZ,8857,PKX,HGH,0945,1155,345,02:10,1094,0,321,1,194,2025-04-04
CZ,8814,CKG,PKX,0910,1145,1 3 5,02:35,1405,0,320,1,151,2025-04-04
CZ,6133,DLC,PKX,1830,2005,1234567,01:35,446,0,321,1,194,2025-04-04
JD,5182,LJG,PKX,1605,1930,3 567,03:25,2066,0,320,1,173,2025-04-04
MF,8102,PKX,XMN,1615,1855,123 567,02:40,1670,0,788,1,236,2025-04-04
NS,8075,PKX,KWL,1635,1940,1234567,03:05,1695,0,738,1,183,2025-04-04
CZ,3861,SWA,PKX,1730,2030,5,03:00,1786,0,738,1,171,2025-04-04
CZ,3278,PKX,NNG,1230,1600,12 4567,03:30,2033,0,738,1,163,2025-04-04
CZ,6128,PKX,DLC,1910,2030,3 5 7,01:20,446,0,321,1,188,2025-04-04
JD,5181,PKX,LJG,2035,2350,3 567,03:15,2066,0,320,1,173,2025-04-04
CZ,8953,PKX,FOC,2015,2250,567,02:35,1537,0,321,1,194,2025-04-04
CZ,3110,PKX,CAN,1930,2240,1  45,03:10,1814,0,333,1,282,2025-04-04
SV,0886,DMM,PKX,0345,1800,1   5,09:15,6235,0,789,1,298,2025-04-04
CZ,3654,PKX,KWE,1855,2220,123 5 7,03:25,1693,0,738,1,163,2025-04-04
CZ,3687,KWE,PKX,1500,1750,123 5 7,02:50,1693,0,738,1,163,2025-04-04
JD,5907,HGH,PKX,1945,2210,1  4567,02:25,1094,0,321,1,211,2025-04-04
KN,5977,PKX,PVG,2050,2255,1234567,02:05,1049,0,737,1,185,2025-04-04
KN,5956,SHA,PKX,2005,2215,1234567,02:10,1025,0,73E,1,169,2025-04-04
KN,5962,WNZ,PKX,0715,1000,1234567,02:45,1352,0,737,1,185,2025-04-04
KN,5605,PKX,UYN,1105,1245,1234567,01:40,594,0,737,1,185,2025-04-04
KN,5851,PKX,SZX,1315,1635,3 5,03:20,1889,0,737,1,185,2025-04-04
MU,5706,PKX,KMG,1630,2010,5 7,03:40,2034,0,73E,1,168,2025-04-04
UO,0260,HKG,PKX,0935,1300,1234567,03:25,1925,0,320,1,180,2025-04-04
CA,8646,WEH,PKX,1430,1540,1   5,01:10,568,0,73G,1,128,2025-04-04
CA,8679,PVG,PKX,0655,0930,1234567,02:35,1049,0,321,1,185,2025-04-04
CA,8613,PKX,YNZ,1655,1835,3 5,01:40,756,0,738,1,159,2025-04-04
KN,5679,PKX,AKA,0815,1030,12345,02:15,1009,0,737,1,185,2025-04-04
MU,5032,SIN,PKX,0055,0725,1234567,06:30,4422,0,320,1,155,2025-04-04
MU,2732,PKX,WUX,1100,1255,12345 7,01:55,961,0,320,1,156,2025-04-04
MU,6870,SZX,PKX,1845,2155,5,03:10,1889,0,321,1,180,2025-04-04
MU,6644,CTU,PKX,1230,1515,1234567,02:45,1505,0,320,1,156,2025-04-04
MU,5139,PKX,HGH,1805,2025,12345 7,02:20,1094,0,321,1,180,2025-04-04
CA,8652,CKG,PKX,1150,1425,1 3 5,02:35,1405,0,738,1,159,2025-04-04
RY,8868,PKX,KHN,2000,2220,1234567,02:20,1184,0,738,1,169,2025-04-04
CA,8659,PKX,NDG,1455,1655,1  4567,02:00,1051,0,738,1,159,2025-04-04
KN,5519,PKX,LDS,0705,0925,1234567,02:20,1363,0,737,1,185,2025-04-04
MU,5193,PKX,HGH,0730,0930,12345 7,02:00,1094,0,321,1,173,2025-04-04
CA,8644,YTY,PKX,2140,2330,1 3 5 7,01:50,827,0,738,1,159,2025-04-04
KN,5952,WNZ,PKX,1515,1800,12345,02:45,1352,0,737,1,143,2025-04-04
MU,9543,PKX,KWE,1115,1415,1234567,03:00,1693,0,321,1,173,2025-04-04
MU,5188,PKX,KHN,0655,0910,3 5,02:15,1184,0,321,1,180,2025-04-04
CZ,3112,PKX,CAN,1130,1440,5,03:10,1814,0,32Q,1,199,2025-04-04
CZ,8816,CKG,PKX,1705,1925,3 567,02:20,1405,0,32Q,1,199,2025-04-04
CZ,6160,KMG,PKX,2105,0030,1 345,03:25,2034,0,32Q,1,199,2025-04-04
CZ,8823,PKX,XIY,1300,1510,123 567,02:10,880,0,738,1,185,2025-04-04
CZ,6187,KWE,PKX,1100,1400,12  5,03:00,1693,0,738,1,177,2025-04-04
CZ,6126,PKX,DLC,1010,1130,123456,01:20,446,0,321,1,188,2025-04-04
CZ,3162,PKX,CAN,1430,1740,2345,03:10,1814,0,738,1,163,2025-04-04
CZ,8992,NNG,PKX,2115,0035,1 3 5 7,03:20,2033,0,321,1,194,2025-04-04
MF,8419,PKX,LZO,0740,1045,23456,03:05,1535,0,738,1,169,2025-04-04
CZ,8882,PKX,PVG,2300,0120,123456,02:20,1049,0,321,1,194,2025-04-04
CZ,3124,PKX,CSX,1150,1420,1234567,02:30,1291,0,320,1,159,2025-04-04
CZ,6125,DLC,PKX,0730,0905,123456,01:35,446,0,321,1,188,2025-04-04
CZ,8030,KIX,PKX,1525,1740,234567,03:15,1761,0,333,1,282,2025-04-04
CZ,647,PKX,HND,0940,1400,12345,03:20,2099,0,333,1,282,2025-04-04
NS,8051,PKX,NNG,0815,1120,1234567,03:05,2033,0,738,1,183,2025-04-04
CZ,5968,PKX,HRB,1110,1315,2 4567,02:05,1053,0,320,1,165,2025-04-04
CZ,316,ICN,PKX,0925,1025,1234567,02:00,901,0,321,1,178,2025-04-04
CZ,6718,PKX,SYX,0830,1235,1 345 7,04:05,2449,0,321,1,194,2025-04-04
CZ,3156,PKX,SZX,0900,1220,1   5,03:20,1889,0,321,1,188,2025-04-04
MF,8339,PKX,CAN,1700,2005,1234567,03:05,1814,0,738,1,169,2025-04-04
CZ,3161,CAN,PKX,2000,2310,3 56,03:10,1814,0,32Q,1,199,2025-04-04
CZ,6201,HRB,PKX,0730,0940,4567,02:10,1053,0,320,1,165,2025-04-04
CZ,3171,SZX,PKX,0730,1040,12  5,03:10,1889,0,32Q,1,199,2025-04-04
JD,5219,PKX,URC,1500,1910,345,04:10,2437,0,32Q,1,178,2025-04-04
CZ,8841,PKX,KMG,1215,1545,5,03:30,2034,0,320,1,151,2025-04-04
CZ,5967,HRB,PKX,2000,2215,2 456,02:15,1053,0,321,1,194,2025-04-04
CZ,3158,PKX,SZX,1400,1725,1   5,03:25,1889,0,350,1,334,2025-04-04
JD,5959,PKX,KWE,1750,2050,1234567,03:00,1693,0,333,1,302,2025-04-04
KN,5376,HSN,PKX,2110,2345,1 3 567,02:35,1193,0,737,1,179,2025-04-04
CA,8685,PVG,PKX,1655,1930,23 5,02:35,1049,0,321,1,177,2025-04-04
KN,5102,PKX,UYN,1800,1930,1 3456,01:30,594,0,737,1,185,2025-04-04
KN,5838,DXJ,PKX,1220,1420,1 3 5 7,02:00,1378,0,737,1,185,2025-04-04
KN,5967,PKX,JJN,0750,1045,1 3 5,02:55,1648,0,737,1,185,2025-04-04
MU,5703,KMG,PKX,0900,1240,1234567,03:40,2034,0,737,1,132,2025-04-04
CA,8617,PKX,SWA,1540,1845,1 3 5 7,03:05,1786,0,738,1,159,2025-04-04
MU,6310,CAN,PKX,1940,2300,1234567,03:20,1814,0,321,1,173,2025-04-04
MU,6307,PKX,CAN,1615,1935,1234567,03:20,1814,0,321,1,180,2025-04-04
CA,8365,PKX,HAK,1355,1745,1 3 56,03:50,2247,0,7M8,1,176,2025-04-04
CA,8650,INC,PKX,0800,1000,1 3 5,02:00,904,0,738,1,159,2025-04-04
MU,2452,PKX,WUH,1140,1400,1234567,02:20,988,0,73L,1,174,2025-04-04
MU,2559,WUH,PKX,1355,1545,1 3 5 7,01:50,988,0,73E,1,168,2025-04-04
KN,5628,ACX,PKX,2030,2345,1234567,03:15,1925,0,737,1,185,2025-04-04
MU,6162,HGH,PKX,1655,1930,3 5,02:35,1094,0,321,1,180,2025-04-04
MU,6668,SZX,PKX,1950,2300,12345 7,03:10,1889,0,320,1,156,2025-04-04
UO,0261,PKX,HKG,1415,1745,1234567,03:30,1925,0,320,1,180,2025-04-04
CA,8612,CSX,PKX,1015,1235,234567,02:20,1291,0,738,1,159,2025-04-04
CA,8641,PKX,WEH,1840,2000,12345 7,01:20,568,0,738,1,159,2025-04-04
MU,2102,PKX,XIY,0800,1010,1234567,02:10,880,0,320,1,156,2025-04-04
KN,5878,SWA,PKX,1240,1540,123456,03:00,1786,0,737,1,185,2025-04-04
MU,2453,ENH,PKX,1605,1815,1234567,02:10,1197,0,73E,1,168,2025-04-04
CZ,3259,PKX,CKG,1825,2110,567,02:45,1405,0,738,1,171,2025-04-04
CZ,6150,PKX,CGQ,1245,1445,45,02:00,916,0,321,1,178,2025-04-04
CZ,8029,PKX,KIX,0955,1355,234567,03:00,1761,0,333,1,282,2025-04-04
CZ,5904,KWL,PKX,2200,0055,1 3 5 7,02:55,1695,0,32Q,1,199,2025-04-04
MF,8211,PKX,JGN,0915,1215,123 567,03:00,1542,0,738,1,169,2025-04-04
MF,8453,PKX,CKG,1955,2250,1 3 5 7,02:55,1405,0,7M8,1,173,2025-04-04
CZ,674,LHR,PKX,2100,1415,1234567,10:15,8192,0,350,1,334,2025-04-04
CZ,8959,YIW,PKX,0800,1010,12  567,02:10,1176,0,738,1,171,2025-04-04
CZ,8943,PKX,SHS,1840,2100,1234567,02:20,1083,0,320,1,151,2025-04-04
CZ,6183,PKX,CTU,1200,1455,1234567,02:55,1505,0,320,1,159,2025-04-04
CZ,3140,PKX,WUH,1930,2205,5,02:35,988,0,738,1,163,2025-04-04
CZ,8852,HGH,PKX,1930,2150,3 5,02:20,1094,0,321,1,188,2025-04-04
CZ,6081,PKX,MFM,1130,1455,1 34567,03:25,1947,0,321,1,178,2025-04-04
MF,8469,PKX,TFU,1725,2010,1234567,02:45,1492,0,32Q,1,206,2025-04-04
NS,8030,KWL,PKX,1150,1440,123 567,02:50,1695,0,738,1,183,2025-04-04
CZ,3139,WUH,PKX,1600,1800,5,02:00,988,0,738,1,163,2025-04-04
CZ,8954,FOC,PKX,0905,1140,5,02:35,1537,0,321,1,178,2025-04-04
CZ,3260,CKG,PKX,2215,0045,23 5,02:30,1405,0,738,1,171,2025-04-04
CZ,8975,PKX,NGB,2020,2230,1 3 5 7,02:10,1170,0,320,1,159,2025-04-04
CZ,8957,PKX,XMN,0855,1135,2  5,02:40,1670,0,321,1,194,2025-04-04
CZ,8855,PKX,HGH,0855,1105,1234567,02:10,1094,0,321,1,188,2025-04-04
CZ,8804,SHA,PKX,0835,1045,5,02:10,1025,0,320,1,151,2025-04-04
CZ,3118,PKX,WUH,1110,1315,1 3 567,02:05,988,0,738,1,163,2025-04-04
CZ,8878,XMN,PKX,0805,1100,45,02:55,1670,0,321,1,178,2025-04-04
CZ,8960,PKX,YIW,1315,1525,1   567,02:10,1176,0,738,1,163,2025-04-04
JD,5217,PKX,URC,0740,1200,12  567,04:20,2437,0,32Q,1,178,2025-04-04
CZ,6146,PKX,CGQ,1130,1330,123456,02:00,916,0,32Q,1,194,2025-04-04
CZ,8887,PKX,SHA,0800,1010,5,02:10,1025,0,32Q,1,199,2025-04-04
CZ,6713,SYX,PKX,1950,2355,5,04:05,2449,0,321,1,188,2025-04-04
CZ,8930,LHW,PKX,1055,1325,1  4567,02:30,1165,0,321,1,188,2025-04-04
JD,5218,URC,PKX,1310,1640,12  567,03:30,2437,0,32Q,1,178,2025-04-04
CZ,8906,CGD,PKX,2110,2330,2 45,02:20,1254,0,321,1,194,2025-04-04
MF,8130,PKX,HGH,2150,2345,5,01:55,1094,0,738,1,163,2025-04-04
CZ,3167,SZX,PKX,1330,1645,1 3 5 7,03:15,1889,0,32Q,1,199,2025-04-04
CZ,6082,MFM,PKX,1555,1915,1 345 7,03:20,1947,0,321,1,178,2025-04-04
HO,1624,KIX,PKX,1300,1515,12  56,03:15,1761,0,320,1,163,2025-04-04
CZ,8938,SYX,PKX,1500,1855,1234567,03:55,2449,0,32Q,1,199,2025-04-04
CZ,6137,PKX,CSX,0745,1015,1   5,02:30,1291,0,321,1,188,2025-04-04
CZ,8972,KOW,PKX,1255,1540,1 3 5 7,02:45,1524,0,321,1,194,2025-04-04
MF,8117,XMN,PKX,0700,1000,123 56,03:00,1670,0,32Q,1,206,2025-04-04
CZ,3903,PKX,CTU,1500,1800,5,03:00,1505,0,32Q,1,199,2025-04-04
CZ,6112,KMG,PKX,1445,1815,12  5 7,03:30,2034,0,32Q,1,199,2025-04-04
FM,9101,SHA,PKX,1250,1510,12345 7,02:20,1025,0,73E,1,168,2025-04-04
JD,5108,JHG,PKX,2055,0030,1 3 5 7,03:35,2448,0,320,1,179,2025-04-04
MF,8105,XMN,PKX,1500,1750,123 567,02:50,1670,0,32Q,1,206,2025-04-04
NS,8001,PKX,TFU,1555,1845,1234567,02:50,1492,0,738,1,183,2025-04-04
VN,0516,SGN,PKX,0045,0630,1 345 7,04:45,3330,0,321,1,184,2025-04-04
CZ,3718,PKX,CSX,1325,1600,5,02:35,1291,0,32N,1,165,2025-04-04
CZ,8971,PKX,KOW,0930,1210,5,02:40,1524,0,321,1,194,2025-04-04
CZ,3106,PKX,CAN,1330,1640,56,03:10,1814,0,789,1,296,2025-04-04
CZ,6208,PKX,HRB,1850,2055,123456,02:05,1053,0,320,1,159,2025-04-04
CZ,8892,PKX,KHG,1505,2045,1234567,05:40,3431,0,738,1,177,2025-04-04
CZ,8991,PKX,NNG,1655,2025,1 3 5 7,03:30,2033,0,321,1,194,2025-04-04
JD,5914,HAK,PKX,1915,2255,2  5,03:40,2247,0,321,1,211,2025-04-04
CZ,3122,PKX,CAN,1730,2040,5,03:10,1814,0,32N,1,165,2025-04-04
CZ,3902,KMG,PKX,1330,1655,1234567,03:25,2034,0,32Q,1,199,2025-04-04
CZ,6716,PKX,SYX,1930,2335,1 3 5 7,04:05,2449,0,321,1,194,2025-04-04
CZ,8817,PKX,CKG,1600,1850,2  5,02:50,1405,0,32Q,1,199,2025-04-04
CA,8678,PKX,CAN,2115,0030,23 5 7,03:15,1814,0,321,1,158,2025-04-04
CA,8383,PKX,HRB,0650,0855,1  45,02:05,1053,0,738,1,159,2025-04-04
MU,2130,LHW,PKX,1040,1255,1234567,02:15,1165,0,320,1,156,2025-04-04
MU,2841,NKG,PKX,1640,1835,1 345 7,01:55,890,0,320,1,156,2025-04-04
CA,8639,PKX,KHN,1100,1320,3 5 7,02:20,1184,0,738,1,167,2025-04-04
KN,5611,PKX,URC,0815,1235,1 3 5 7,04:20,2437,0,737,1,172,2025-04-04
KN,5968,JJN,PKX,1130,1430,1 345,03:00,1648,0,737,1,185,2025-04-04
MU,2731,WUX,PKX,0750,0950,12345 7,02:00,961,0,320,1,156,2025-04-04
CA,8372,XIL,PKX,1535,1715,1  45,01:40,489,0,738,1,159,2025-04-04
MU,9852,URC,PKX,1955,2345,1234567,03:50,2437,0,320,1,156,2025-04-04
MU,5197,PKX,HRB,0755,1015,1234567,02:20,1053,0,320,1,156,2025-04-04
EU,6666,PKX,CTU,1255,1555,1234567,03:00,1505,0,321,1,225,2025-04-04
MU,2950,PKX,WUX,0755,1010,1234567,02:15,961,0,320,1,156,2025-04-04
MU,5171,HFE,PKX,2020,2210,1234567,01:50,837,0,320,1,156,2025-04-04
KN,5620,HZG,PKX,2030,2230,1 3 5 7,02:00,1085,0,737,1,143,2025-04-04
KN,5832,ZUH,PKX,1310,1625,12345,03:15,1965,0,737,1,179,2025-04-04
MU,9191,SHA,PKX,1710,1905,1234567,01:55,1025,0,919,1,162,2025-04-04
CA,8609,PKX,DYG,1340,1610,12345 7,02:30,1278,0,738,1,159,2025-04-04
KN,5865,PKX,FUO,0800,1105,2345,03:05,1852,0,737,1,179,2025-04-04
KN,5916,DOY,PKX,1120,1230,1234567,01:10,303,0,737,1,185,2025-04-04
MU,2114,PKX,XIY,1600,1810,2 45 7,02:10,880,0,321,1,180,2025-04-04
KN,5329,PKX,DSN,1525,1655,1234567,01:30,562,0,737,1,185,2025-04-04
KN,5606,UYN,PKX,1810,1945,1234567,01:35,594,0,737,1,185,2025-04-04
MU,5713,JHG,PKX,1600,1940,1234567,03:40,2448,0,737,1,132,2025-04-04
MU,2831,NKG,PKX,1430,1640,12 4567,02:10,890,0,320,1,156,2025-04-04
MU,5170,PKX,HFE,1810,2005,1234567,01:55,837,0,320,1,156,2025-04-04
MU,5714,PKX,JHG,1400,1810,1234567,04:10,2448,0,737,1,132,2025-04-04
CZ,3166,PKX,CAN,1030,1340,1  45,03:10,1814,0,32Q,1,199,2025-04-04
MF,8103,XMN,PKX,2100,2340,1234567,02:40,1670,0,738,1,169,2025-04-04
CZ,6027,PKX,TAS,1600,1930,3 5 7,06:30,3946,0,333,1,285,2025-04-04
CZ,5010,HKG,PKX,0830,1155,12 4567,03:25,1925,0,32Q,1,199,2025-04-04
MF,8395,PKX,CAN,0800,1110,23456,03:10,1814,0,32Q,1,206,2025-04-04
CZ,648,HND,PKX,1545,1845,12345,04:00,2099,0,333,1,282,2025-04-04
CZ,8891,KHG,PKX,0835,1340,1234567,05:05,3431,0,738,1,177,2025-04-04
MF,8288,INC,PKX,1245,1440,1234567,01:55,904,0,738,1,169,2025-04-04
AQ,1002,PKX,CAN,2120,0020,1234567,03:00,1814,0,7M8,1,189,2025-04-04
CZ,3120,PKX,HAK,1305,1655,12  5,03:50,2247,0,32Q,1,199,2025-04-04
FM,9102,PKX,SHA,1640,1910,12345 7,02:30,1025,0,73E,1,168,2025-04-04
CZ,3194,PKX,SZX,0800,1120,3 5,03:20,1889,0,321,1,178,2025-04-04
AQ,1001,CAN,PKX,1700,2015,1234567,03:15,1814,0,7M8,1,189,2025-04-04
CZ,8832,WUH,PKX,1300,1455,45 7,01:55,988,0,321,1,188,2025-04-04
MF,8127,XMN,PKX,0900,1215,1234567,03:15,1670,0,32Q,1,206,2025-04-04
9C,7206,CJU,PKX,0750,0910,1234567,02:20,1118,0,320,1,186,2025-04-04
QW,6245,XIC,PKX,1310,1620,1234567,03:10,1830,0,320,1,157,2025-04-04
CZ,8848,CTU,PKX,1330,1610,5,02:40,1505,0,321,1,194,2025-04-04
CZ,8995,PKX,AAT,0700,1140,3 5,04:40,2438,0,320,1,140,2025-04-04
CZ,3169,SZX,PKX,1130,1445,2  5,03:15,1889,0,333,1,282,2025-04-04
KN,5972,YIW,PKX,2200,0015,1234567,02:15,1176,0,737,1,175,2025-04-04
MU,5015,PKX,HKG,0850,1220,23 567,03:30,1925,0,320,1,156,2025-04-04
MU,5148,HGH,PKX,1555,1830,5,02:35,1094,0,320,1,176,2025-04-04
MU,9707,ZAT,PKX,1455,1800,1 3 5 7,03:05,1788,0,737,1,132,2025-04-04
CA,8665,PKX,CGQ,0725,0940,1 3 5 7,02:15,916,0,7M8,1,176,2025-04-04
MH,318,KUL,PKX,2340,0600,1234567,06:20,4347,0,333,1,290,2025-04-04
MU,6663,PKX,SZX,1500,1825,12345 7,03:25,1889,0,320,1,156,2025-04-04
7C,8135,CJU,PKX,1145,1330,1 3 5 7,02:45,1118,0,738,1,174,2025-04-04
MU,6869,PKX,SZX,1400,1730,5,03:30,1889,0,321,1,180,2025-04-04
CA,8643,PKX,YTY,1915,2055,1 3 5 7,01:40,827,0,738,1,159,2025-04-04
MU,6649,PKX,CTU,2130,0015,123456,02:45,1505,0,321,1,180,2025-04-04
MU,9740,PKX,DLU,1715,2040,1234567,03:25,2147,0,737,1,132,2025-04-04
MU,5195,PVG,PKX,1740,2015,1234567,02:35,1049,0,73L,1,174,2025-04-04
CA,8632,MIG,PKX,1240,1520,5,02:40,1384,0,738,1,159,2025-04-04
KN,5667,PKX,UYN,0800,0925,3 5 7,01:25,594,0,737,1,179,2025-04-04
KN,5680,AKA,PKX,1115,1310,1 3 5 7,01:55,1009,0,737,1,185,2025-04-04
KN,5811,PKX,HAK,1350,1730,1234567,03:40,2247,0,737,1,185,2025-04-04
KN,5901,PKX,JUH,0700,0855,1234567,01:55,980,0,737,1,179,2025-04-04
MU,6854,CAN,PKX,1305,1555,1234567,02:50,1814,0,320,1,156,2025-04-04
CZ,6572,PKX,SWA,1115,1415,12  567,03:00,1786,0,738,1,171,2025-04-04
JD,455,PKX,MLE,0655,1140,3 5 7,07:45,5821,0,330,1,213,2025-04-04
CZ,3915,PKX,ZYI,1630,1925,5,02:55,1550,0,321,1,188,2025-04-04
CZ,3138,PKX,WUH,1520,1725,3 5,02:05,988,0,738,1,177,2025-04-04
CZ,8881,PVG,PKX,1935,2155,1234567,02:20,1049,0,321,1,194,2025-04-04
MF,8350,SZX,PKX,2040,2355,1234567,03:15,1889,0,32Q,1,206,2025-04-04
MF,8212,JGN,PKX,1300,1555,1234567,02:55,1542,0,738,1,169,2025-04-04
NS,8052,NNG,PKX,1210,1525,1 3 5 7,03:15,2033,0,738,1,183,2025-04-04
KN,5638,LHW,PKX,1735,1945,1 3 5 7,02:10,1165,0,737,1,185,2025-04-04
MU,2454,PKX,WUH,2215,0015,1234567,02:00,988,0,73E,1,168,2025-04-04
MU,6308,CAN,PKX,1515,1815,1234567,03:00,1814,0,73E,1,168,2025-04-04
MU,6646,CTU,PKX,0755,1025,123 56,02:30,1505,0,320,1,156,2025-04-04
MU,2073,PKX,ICN,1145,1450,1234567,02:05,901,0,321,1,180,2025-04-04
MU,6670,SZX,PKX,2140,0050,1234567,03:10,1889,0,320,1,156,2025-04-04
MU,6643,PKX,CTU,0900,1210,1234567,03:10,1505,0,320,1,156,2025-04-04
KN,5877,PKX,SWA,0900,1155,1234567,02:55,1786,0,737,1,185,2025-04-04
CA,8376,LHW,PKX,0900,1125,2345,02:25,1165,0,738,1,159,2025-04-04
MU,6641,PKX,CTU,0800,1050,1234567,02:50,1505,0,320,1,156,2025-04-04
MU,796,KUL,PKX,0415,1040,12 4567,06:25,4347,0,320,1,156,2025-04-04
CA,8651,PKX,CKG,0740,1040,123 5,03:00,1405,0,738,1,159,2025-04-04
MU,2459,WUH,PKX,1905,2100,1234567,01:55,988,0,73E,1,168,2025-04-04
MU,5173,KHN,PKX,0705,0925,1234567,02:20,1184,0,320,1,156,2025-04-04
MU,5150,NGB,PKX,1040,1310,1234567,02:30,1170,0,320,1,156,2025-04-04
MU,5183,PKX,PVG,0745,1005,1234567,02:20,1049,0,320,1,156,2025-04-04
CA,8624,YCU,PKX,1005,1140,1 3 5 7,01:35,681,0,738,1,159,2025-04-04
MU,6871,PKX,TFU,0700,1000,12345 7,03:00,1492,0,333,1,292,2025-04-04
KN,5526,YSQ,PKX,0940,1135,1234567,01:55,901,0,737,1,179,2025-04-04
KN,5525,PKX,YSQ,0715,0855,1234567,01:40,901,0,737,1,179,2025-04-04
KN,5908,YIW,PKX,0950,1150,12345 7,02:00,1176,0,737,1,185,2025-04-04
MU,5174,PKX,KHN,1040,1305,1234567,02:25,1184,0,320,1,156,2025-04-04
KN,5618,DSN,PKX,2200,2325,1 3 5 7,01:25,562,0,737,1,184,2025-04-04
MU,2821,WUX,PKX,1345,1540,1234567,01:55,961,0,320,1,156,2025-04-04
KN,5355,PKX,HCZ,0825,1125,1 3 5 7,03:00,1563,0,737,1,185,2025-04-04
KN,5630,XNN,PKX,2000,2225,1 3 5,02:25,1299,0,737,1,185,2025-04-04
MU,5196,PKX,PVG,1300,1515,1234567,02:15,1049,0,73L,1,174,2025-04-04
CA,8620,HYN,PKX,2130,0005,23 56,02:35,1300,0,73G,1,128,2025-04-04
MU,6306,CAN,PKX,1250,1545,12 45 7,02:55,1814,0,320,1,156,2025-04-04
MU,6269,PKX,KRL,1010,1500,1234567,04:50,2554,0,320,1,156,2025-04-04
KN,5971,PKX,YIW,1905,2115,1234567,02:10,1176,0,737,1,175,2025-04-04
MU,2015,PKX,MFM,1330,1650,1 34567,03:20,1947,0,320,1,156,2025-04-04
MU,9739,DLU,PKX,1240,1555,1234567,03:15,2147,0,737,1,132,2025-04-04
MU,2418,PKX,LHW,2240,0100,12345 7,02:20,1165,0,320,1,156,2025-04-04
KN,5915,PKX,DOY,0900,1005,5,01:05,303,0,737,1,185,2025-04-04
CA,8682,JMU,PKX,1310,1525,1 3 5 7,02:15,1397,0,738,1,159,2025-04-04
KN,5961,PKX,WNZ,0825,1110,3 5,02:45,1352,0,737,1,179,2025-04-04
MU,6873,PKX,SHA,0815,1015,12345 7,02:00,1025,0,320,1,156,2025-04-04
CA,8373,PKX,XMN,1730,2025,5,02:55,1670,0,73G,1,128,2025-04-04
KN,5631,PKX,KMG,0825,1205,1 3 5 7,03:40,2034,0,737,1,185,2025-04-04
KN,5360,SWA,PKX,2050,2340,1 3 5,02:50,1786,0,737,1,185,2025-04-04
DZ,6209,CIH,PKX,2240,2355,1234567,01:15,462,0,737,1,179,2025-04-04
CZ,5903,PKX,KWL,1815,2115,1 3 5 7,03:00,1695,0,32Q,1,199,2025-04-04
NS,8012,JJN,PKX,2000,2240,123 567,02:40,1648,0,738,1,183,2025-04-04
MF,8106,PKX,XMN,1855,2155,123 56,03:00,1670,0,32Q,1,206,2025-04-04
CZ,3101,CAN,PKX,0800,1105,5 7,03:05,1814,0,350,1,334,2025-04-04
MF,8110,PKX,FOC,0915,1150,123456,02:35,1537,0,738,1,169,2025-04-04
VJ,7713,PKX,HAN,0215,0450,3 5 7,03:35,2268,0,320,1,180,2025-04-04
CZ,6712,PKX,SYX,1320,1725,12  56,04:05,2449,0,321,1,194,2025-04-04
CZ,6365,HAK,PKX,1305,1650,1234567,03:45,2247,0,321,1,188,2025-04-04
NS,8024,NZL,PKX,1035,1255,1 3 5,02:20,1057,0,738,1,183,2025-04-04
CZ,6111,PKX,KMG,0955,1330,1234567,03:35,2034,0,32Q,1,199,2025-04-04
CZ,341,PKX,SVO,1325,1650,1234567,08:25,5827,0,333,1,285,2025-04-04
CZ,3682,PKX,KWE,0855,1205,2  5,03:10,1693,0,738,1,171,2025-04-04
CZ,8976,NGB,PKX,0815,1045,1234567,02:30,1170,0,320,1,159,2025-04-04
MF,8420,LZO,PKX,1145,1440,23456,02:55,1535,0,738,1,169,2025-04-04
NS,8037,PKX,JIC,0830,1100,1 3 5,02:30,1217,0,738,1,183,2025-04-04
CZ,6129,DLC,PKX,1000,1135,5,01:35,446,0,321,1,194,2025-04-04
CZ,6283,NNG,PKX,1530,1850,12345,03:20,2033,0,738,1,177,2025-04-04
CZ,3735,ZUH,PKX,1600,1930,3 5,03:30,1965,0,738,1,177,2025-04-04
CZ,8822,XIY,PKX,0915,1110,1234567,01:55,880,0,738,1,185,2025-04-04
HO,1253,SHA,PKX,1645,1900,1234567,02:15,1025,0,32Q,1,206,2025-04-04
NS,8076,KWL,PKX,2040,2330,1234567,02:50,1695,0,738,1,183,2025-04-04
SU,204,SVO,PKX,2105,0950,5,07:45,5827,0,333,1,296,2025-04-04
NS,8062,CSX,PKX,1225,1440,12345 7,02:15,1291,0,738,1,183,2025-04-04
CZ,3862,PKX,SWA,2015,2315,5,03:00,1786,0,738,1,163,2025-04-04
CZ,8956,HFE,PKX,1535,1720,1   5 7,01:45,837,0,32Q,1,199,2025-04-04
MF,8483,PKX,KMG,0815,1205,5,03:50,2034,0,738,1,163,2025-04-04
MF,8287,PKX,INC,1000,1155,1234567,01:55,904,0,738,1,169,2025-04-04
NS,8015,PKX,INC,1445,1650,1 3 5 7,02:05,904,0,738,1,183,2025-04-04
CZ,8932,PKX,HAK,1755,2145,1234567,03:50,2247,0,321,1,188,2025-04-04
CZ,8918,CKG,PKX,1215,1445,12  5,02:30,1405,0,32Q,1,199,2025-04-04
CZ,8854,HGH,PKX,0830,1050,12345,02:20,1094,0,321,1,194,2025-04-04
CZ,5661,WUH,PKX,1400,1555,1  45 7,01:55,988,0,738,1,163,2025-04-04
CZ,356,HKG,PKX,1340,1655,12 45,03:15,1925,0,321,1,178,2025-04-04
CZ,3141,CSX,PKX,1430,1700,1   5,02:30,1291,0,320,1,159,2025-04-04
CZ,5089,PKX,IKA,1815,2220,1   5,08:35,5647,0,333,1,285,2025-04-04
HO,1625,PKX,KIX,1620,2020,12  56,03:00,1761,0,320,1,163,2025-04-04
MF,8150,PKX,HGH,1320,1525,1234567,02:05,1094,0,32Q,1,206,2025-04-04
CZ,6188,PKX,KWE,1515,1820,12  5,03:05,1693,0,738,1,177,2025-04-04
NS,8068,IQN,PKX,1955,2145,1234567,01:50,877,0,738,1,183,2025-04-04
CZ,6914,PKX,URC,0755,1220,3 56,04:25,2437,0,738,1,163,2025-04-04
CZ,8888,SHA,PKX,1125,1325,5,02:00,1025,0,32Q,1,199,2025-04-04
CZ,5009,PKX,HKG,1920,2245,1 34567,03:25,1925,0,32Q,1,199,2025-04-04
CZ,8868,SWA,PKX,2030,2325,1234567,02:55,1786,0,321,1,188,2025-04-04
MF,8119,FOC,PKX,1600,1900,1   5,03:00,1537,0,738,1,163,2025-04-04
CZ,6915,URC,PKX,1230,1615,12  5,03:45,2437,0,738,1,177,2025-04-04
CZ,6913,URC,PKX,1930,2325,1  45,03:55,2437,0,738,1,163,2025-04-04
JD,5921,PKX,CAN,0655,1005,3 5,03:10,1814,0,333,1,302,2025-04-04
CZ,3904,CTU,PKX,1930,2210,5,02:40,1505,0,32Q,1,199,2025-04-04
CZ,318,GMP,PKX,1330,1440,1234567,02:10,927,0,321,1,178,2025-04-04
CZ,6167,CGQ,PKX,1630,1840,123456,02:10,916,0,32N,1,165,2025-04-04
CZ,6102,PKX,SHE,2120,2305,1 34567,01:45,642,0,32Q,1,199,2025-04-04
CZ,8825,PKX,XIY,2050,2250,12  5 7,02:00,880,0,738,1,185,2025-04-04
MF,8128,PKX,XMN,1310,1555,2 4567,02:45,1670,0,32Q,1,206,2025-04-04
MF,8349,PKX,SZX,1620,1935,1234567,03:15,1889,0,32Q,1,206,2025-04-04
MF,8508,WUS,PKX,1935,2200,1234567,02:25,1320,0,738,1,169,2025-04-04
CZ,8901,PKX,HSC,0830,1115,3 5,02:45,1650,0,321,1,188,2025-04-04
KN,5157,PKX,TFU,1935,2225,1234567,02:50,1492,0,737,1,179,2025-04-04
KN,5538,YNJ,PKX,1430,1710,1234567,02:40,1152,0,737,1,185,2025-04-04
MU,5710,PKX,KMG,1930,2305,5,03:35,2034,0,73M,1,174,2025-04-04
MU,5457,HGH,PKX,1430,1710,1234567,02:40,1094,0,321,1,180,2025-04-04
AK,1561,PKX,BKI,0015,0545,1234567,05:30,3730,0,32N,1,186,2025-04-04
CA,8623,PKX,YCU,0740,0915,1 3 5 7,01:35,681,0,738,1,159,2025-04-04
CA,8636,YBP,PKX,1235,1535,1 3 5,03:00,1611,0,738,1,167,2025-04-04
KN,5632,KMG,PKX,1310,1635,1 3 5 7,03:25,2034,0,737,1,185,2025-04-04
MU,2016,MFM,PKX,1750,2055,1 34567,03:05,1947,0,320,1,156,2025-04-04
MU,6312,CAN,PKX,2050,0005,1234567,03:15,1814,0,321,1,180,2025-04-04
MU,6309,PKX,CAN,1930,2245,1234567,03:15,1814,0,73E,1,168,2025-04-04
AK,1560,BKI,PKX,1800,2315,1234567,05:15,3730,0,32N,1,186,2025-04-04
CA,8629,PKX,ZUH,0930,1255,5,03:25,1965,0,73G,1,128,2025-04-04
CA,8366,HAK,PKX,1855,2225,1 3 56,03:30,2247,0,7M8,1,176,2025-04-04
KN,5301,PKX,FUO,1915,2230,12345,03:15,1852,0,737,1,143,2025-04-04
MU,5179,NGB,PKX,2035,2255,1234567,02:20,1170,0,320,1,156,2025-04-04
CA,8380,KHN,PKX,0725,0950,3 5,02:25,1184,0,738,1,167,2025-04-04
KN,5876,ZUH,PKX,1800,2115,1234567,03:15,1965,0,737,1,185,2025-04-04
MU,6304,CAN,PKX,1150,1455,12345 7,03:05,1814,0,321,1,180,2025-04-04
S7,6312,PKX,IKT,0535,0840,12 456,03:05,1691,0,73H,1,176,2025-04-04
KN,5979,PKX,WNZ,2010,2240,1234567,02:30,1352,0,737,1,185,2025-04-04
KN,5359,PKX,SWA,1710,2005,1 3 5 7,02:55,1786,0,737,1,185,2025-04-04
MU,6669,PKX,SZX,2050,0030,1234567,03:40,1889,0,321,1,173,2025-04-04
MU,5707,KMG,PKX,1600,1930,123 5 7,03:30,2034,0,738,1,156,2025-04-04
CA,8607,PKX,WUA,1255,1505,1 3 5 7,02:10,822,0,738,1,159,2025-04-04
CA,8621,PKX,KWL,1120,1415,123456,02:55,1695,0,738,1,159,2025-04-04
MU,5175,KHN,PKX,1915,2135,1234567,02:20,1184,0,320,1,156,2025-04-04
MU,795,PKX,KUL,2105,0315,1 34567,06:10,4347,0,320,1,156,2025-04-04
CA,8695,PKX,XIY,2035,2230,23 567,01:55,880,0,738,1,159,2025-04-04
CA,8608,WUA,PKX,1605,1800,1 3 5 7,01:55,822,0,738,1,159,2025-04-04
KN,2125,PKX,DSN,2050,2225,1234567,01:35,562,0,737,1,185,2025-04-04
KN,5866,FUO,PKX,0800,1050,3456,02:50,1852,0,737,1,143,2025-04-04
MU,2411,LHW,PKX,0750,1000,1234567,02:10,1165,0,320,1,156,2025-04-04
MU,6667,PKX,SZX,1700,2015,1234567,03:15,1889,0,320,1,156,2025-04-04
CA,8645,PKX,WEH,1230,1345,1   5,01:15,568,0,73G,1,128,2025-04-04
KN,5926,FOC,PKX,1310,1555,5,02:45,1537,0,737,1,143,2025-04-04
CZ,6213,DQA,PKX,0725,0940,1 3456,02:15,1070,0,320,1,165,2025-04-04
MF,8555,PKX,PVG,1730,1935,5,02:05,1049,0,738,1,163,2025-04-04
MF,8470,TFU,PKX,2115,2340,1234567,02:25,1492,0,32Q,1,206,2025-04-04
CZ,6145,CGQ,PKX,0815,1025,123456,02:10,916,0,32Q,1,194,2025-04-04
DZ,6210,PKX,CIH,0755,0910,1234567,01:15,462,0,737,1,179,2025-04-04
JD,5932,CSX,PKX,2220,0030,12  567,02:10,1291,0,32Q,1,179,2025-04-04
VJ,3948,SGN,PKX,1805,0005,1234567,05:00,3330,0,320,1,180,2025-04-04
CZ,6149,CGQ,PKX,1535,1745,5,02:10,916,0,321,1,178,2025-04-04
NS,8027,PKX,NGB,0815,1035,1234567,02:20,1170,0,738,1,183,2025-04-04
CZ,6203,HRB,PKX,1900,2115,5,02:15,1053,0,320,1,159,2025-04-04
CZ,8886,SHA,PKX,1945,2145,56,02:00,1025,0,321,1,178,2025-04-04
CZ,3115,CAN,PKX,1600,1915,5,03:15,1814,0,32Q,1,199,2025-04-04
CZ,317,PKX,GMP,0920,1225,1234567,02:05,927,0,321,1,178,2025-04-04
CZ,6161,PKX,CTU,0800,1100,1234567,03:00,1505,0,32Q,1,199,2025-04-04
CZ,8905,PKX,CGD,1800,2025,12345 7,02:25,1254,0,321,1,194,2025-04-04
CZ,3653,KWE,PKX,1920,2220,12  5,03:00,1693,0,738,1,177,2025-04-04
HO,1626,KIX,PKX,2030,2240,1  45,03:10,1761,0,320,1,163,2025-04-04
JD,5931,PKX,CSX,1815,2105,5,02:50,1291,0,32Q,1,179,2025-04-04
MF,845,PKX,DOH,1840,2245,123 56,09:05,6151,0,789,1,131,2025-04-04
NS,8017,PKX,HGH,0835,1040,1 3 5 7,02:05,1094,0,738,1,183,2025-04-04
KN,5986,HGH,PKX,1925,2140,3 5,02:15,1094,0,737,1,179,2025-04-04
MU,2428,PKX,XNN,1200,1425,1234567,02:25,1299,0,320,1,156,2025-04-04
MU,9723,DLU,PKX,2120,0050,1234567,03:30,2147,0,737,1,132,2025-04-04
MU,5178,PKX,NGB,1055,1310,1 34567,02:15,1170,0,321,1,180,2025-04-04
MU,6872,TFU,PKX,1115,1345,12345 7,02:30,1492,0,333,1,292,2025-04-04
KN,5902,JUH,PKX,0940,1130,1234567,01:50,980,0,737,1,179,2025-04-04
KN,5985,PKX,HGH,1605,1810,3 5,02:05,1094,0,737,1,179,2025-04-04
MU,2455,WUH,PKX,1750,1945,1234567,01:55,988,0,73L,1,174,2025-04-04
MU,2417,LHW,PKX,1920,2135,12345 7,02:15,1165,0,320,1,156,2025-04-04
KN,5358,WUZ,PKX,1320,1625,1 3 5 7,03:05,1857,0,737,1,137,2025-04-04
MU,526,KIX,PKX,1555,1830,1234567,03:35,1761,0,321,1,180,2025-04-04
KN,5522,HLD,PKX,1830,2055,1 345,02:25,1110,0,737,1,185,2025-04-04
MU,2074,ICN,PKX,1550,1650,1234567,02:00,901,0,321,1,180,2025-04-04
MU,525,PKX,KIX,1030,1445,1234567,03:15,1761,0,321,1,180,2025-04-04
CA,8363,PKX,RLK,1640,1845,1 3 5,02:05,752,0,738,1,167,2025-04-04
MU,6305,PKX,CAN,1440,1755,1234567,03:15,1814,0,321,1,173,2025-04-04
CA,8371,PKX,XIL,1320,1450,1  45,01:30,489,0,738,1,159,2025-04-04
MU,2076,SVO,PKX,1715,0540,1234567,07:25,5827,0,333,1,292,2025-04-04
MU,6960,HAK,PKX,1325,1715,123456,03:50,2247,0,320,1,156,2025-04-04
MU,2427,XNN,PKX,0800,1025,1234567,02:25,1299,0,320,1,156,2025-04-04
MU,2110,PKX,XIY,1300,1515,1234567,02:15,880,0,320,1,156,2025-04-04
MU,9192,PKX,SHA,2045,2310,1234567,02:25,1025,0,919,1,162,2025-04-04
MU,5129,PVG,PKX,0905,1120,56,02:15,1049,0,320,1,176,2025-04-04
CZ,3916,ZYI,PKX,2010,2300,1  4567,02:50,1550,0,321,1,143,2025-04-04
CZ,3739,ZUH,PKX,1955,2310,1  45 7,03:15,1965,0,738,1,177,2025-04-04
JD,5908,PKX,HGH,0725,0925,12  567,02:00,1094,0,321,1,211,2025-04-04
MF,8340,CAN,PKX,2110,0010,1234567,03:00,1814,0,738,1,169,2025-04-04
CZ,5984,HRB,PKX,2100,2315,5,02:15,1053,0,32Q,1,194,2025-04-04
CZ,3172,PKX,SZX,1600,1920,2  5,03:20,1889,0,333,1,282,2025-04-04
CZ,3160,PKX,SZX,1500,1825,45,03:25,1889,0,321,1,178,2025-04-04
CZ,6366,PKX,HAK,0810,1200,123456,03:50,2247,0,321,1,188,2025-04-04
CZ,6124,PKX,DLC,2205,2330,12345,01:25,446,0,320,1,159,2025-04-04
CZ,8867,PKX,SWA,1645,1945,1   5,03:00,1786,0,321,1,188,2025-04-04
CZ,6720,PKX,HAK,2000,2355,12  5,03:55,2247,0,320,1,151,2025-04-04
JD,5677,PKX,NZH,0655,0940,3 5,02:45,1120,0,32Q,1,178,2025-04-04
JD,5107,PKX,JHG,0655,1025,1 3 5 7,03:30,2448,0,320,1,179,2025-04-04
CZ,3190,PKX,SZX,2000,2330,5,03:30,1889,0,320,1,151,2025-04-04
CZ,6202,PKX,HRB,2230,0030,3 5,02:00,1053,0,320,1,159,2025-04-04
CZ,8847,PKX,CTU,0900,1200,5,03:00,1505,0,321,1,194,2025-04-04
CZ,6207,HRB,PKX,2200,0020,12345,02:20,1053,0,320,1,159,2025-04-04
CZ,6134,PKX,DLC,2110,2235,1234567,01:25,446,0,321,1,194,2025-04-04
DZ,6204,PKX,YIH,1255,1510,1 3 5 7,02:15,1090,0,737,1,179,2025-04-04
JD,5578,SYX,PKX,2010,2340,5,03:30,2449,0,320,1,179,2025-04-04
NS,8016,INC,PKX,2105,2305,1 3 5 7,02:00,904,0,738,1,183,2025-04-04
CZ,342,SVO,PKX,1850,0725,1234567,07:35,5827,0,333,1,285,2025-04-04
MF,8454,CKG,PKX,1545,1810,1 3 5 7,02:25,1405,0,7M8,1,173,2025-04-04
CZ,355,PKX,HKG,0855,1220,12345 7,03:25,1925,0,321,1,178,2025-04-04
KN,5361,PKX,HUZ,1540,1855,1234567,03:15,1838,0,737,1,185,2025-04-04
KN,5910,YIW,PKX,1300,1515,1234567,02:15,1176,0,737,1,185,2025-04-04
MU,9968,CSX,PKX,1805,2030,1234567,02:25,1291,0,320,1,156,2025-04-04
MU,6859,PKX,CAN,1725,2030,1234567,03:05,1814,0,320,1,156,2025-04-04
KN,5159,PKX,TFU,1255,1610,123 5 7,03:15,1492,0,737,1,185,2025-04-04
MU,5187,KHN,PKX,1005,1230,1234567,02:25,1184,0,321,1,180,2025-04-04
MU,2560,PKX,WUH,1650,1855,1 3 5 7,02:05,988,0,73E,1,168,2025-04-04
MU,2811,NKG,PKX,0750,0945,123456,01:55,890,0,319,1,120,2025-04-04
MU,5705,KMG,PKX,1200,1515,2  567,03:15,2034,0,73E,1,168,2025-04-04
KN,5356,HCZ,PKX,1210,1500,1 3 5 7,02:50,1563,0,737,1,185,2025-04-04
A6,7777,CSX,PKX,0820,1040,1234567,02:20,1291,0,321,1,219,2025-04-04
KN,5155,PKX,TFU,1000,1255,3 5 7,02:55,1492,0,737,1,185,2025-04-04
MU,6659,PKX,TFU,1920,2205,12345 7,02:45,1492,0,73E,1,168,2025-04-04
KN,5537,PKX,YNJ,1130,1345,1234567,02:15,1152,0,737,1,185,2025-04-04
KN,5907,PKX,YIW,0700,0905,12345 7,02:05,1176,0,737,1,185,2025-04-04
CA,8369,PKX,DDG,1700,1855,1 3 5 7,01:55,674,0,738,1,159,2025-04-04
KN,5326,HUZ,PKX,0700,0950,1234567,02:50,1838,0,737,1,185,2025-04-04
MU,2661,PKX,ZUH,0800,1130,1234567,03:30,1965,0,320,1,156,2025-04-04
RY,8867,KHN,PKX,1630,1850,1 3 5 7,02:20,1184,0,738,1,169,2025-04-04
CA,8605,PKX,BZX,1400,1625,23 567,02:25,1233,0,738,1,159,2025-04-04
KN,5617,PKX,DSN,1055,1225,1 3 5 7,01:30,562,0,737,1,184,2025-04-04
KN,5531,PKX,LLV,1525,1645,345,01:20,501,0,737,1,185,2025-04-04
KN,5156,TFU,PKX,1400,1645,3 5 7,02:45,1492,0,737,1,185,2025-04-04
MU,2122,PKX,XIY,2100,2300,1234567,02:00,880,0,321,1,180,2025-04-04
MU,2812,PKX,NKG,1055,1250,123456,01:55,890,0,319,1,120,2025-04-04
MU,6660,TFU,PKX,2100,2325,12345 7,02:25,1492,0,73E,1,168,2025-04-04
CZ,3148,PKX,CSX,0830,1100,1   5 7,02:30,1291,0,320,1,159,2025-04-04
CZ,3154,PKX,SZX,1800,2130,123 5 7,03:30,1889,0,32Q,1,199,2025-04-04
CZ,6101,SHE,PKX,0805,0955,12 4567,01:50,642,0,32Q,1,199,2025-04-04
CZ,3740,PKX,ZUH,0830,1150,12  56,03:20,1965,0,738,1,177,2025-04-04
CZ,3121,CAN,PKX,1000,1310,1 345 7,03:10,1814,0,738,1,163,2025-04-04
HO,1623,PKX,KIX,0755,1200,12  56,03:05,1761,0,320,1,163,2025-04-04
NS,8040,KWE,PKX,1900,2155,12 456,02:55,1693,0,738,1,169,2025-04-04
CZ,3104,PKX,CAN,1530,1840,5,03:10,1814,0,32Q,1,199,2025-04-04
CZ,3000,PKX,CAN,0930,1240,2345,03:10,1814,0,77W,1,352,2025-04-04
JD,5577,PKX,SYX,0725,1130,5,04:05,2449,0,320,1,179,2025-04-04
MF,8328,CSX,PKX,0850,1120,12  5,02:30,1291,0,738,1,183,2025-04-04
VN,0517,PKX,SGN,0830,1225,1 345 7,04:55,3330,0,321,1,184,2025-04-04
CZ,5662,PKX,WUH,1725,1925,1  45 7,02:00,988,0,738,1,163,2025-04-04
JD,5960,KWE,PKX,2205,0055,1234567,02:50,1693,0,333,1,302,2025-04-04
JD,456,MLE,PKX,1420,0100,3 5 7,07:40,5821,0,330,1,213,2025-04-04
CZ,8829,PKX,XIY,0650,0855,2345 7,02:05,880,0,32Q,1,199,2025-04-04
NS,8080,ZHA,PKX,1130,1510,1 3 5 7,03:40,2076,0,738,1,183,2025-04-04
CZ,3736,PKX,ZUH,2035,0005,3 5,03:30,1965,0,738,1,177,2025-04-04
CZ,3286,PKX,NNG,0815,1125,1 3 5 7,03:10,2033,0,738,1,171,2025-04-04
CZ,8880,SHA,PKX,1530,1740,123 567,02:10,1025,0,321,1,178,2025-04-04
CZ,8831,PKX,WUH,0940,1150,45 7,02:10,988,0,321,1,188,2025-04-04
MF,8170,PKX,XMN,2110,0015,123456,03:05,1670,0,32Q,1,206,2025-04-04
CZ,8958,XMN,PKX,1305,1555,2  5,02:50,1670,0,321,1,194,2025-04-04
CZ,8996,AAT,PKX,1230,1625,3 5,03:55,2438,0,320,1,151,2025-04-04
KN,5879,PKX,HJJ,0720,1015,1 3 5 7,02:55,1476,0,737,1,185,2025-04-04
KN,5325,PKX,HUZ,1900,2215,1 3 5 7,03:15,1838,0,737,1,185,2025-04-04
CA,8614,YNZ,PKX,1925,2115,3 5,01:50,756,0,738,1,159,2025-04-04
GY,7102,PKX,KWE,1225,1525,1234567,03:00,1693,0,32A,1,165,2025-04-04
KN,5375,PKX,HSN,1240,1505,2 4567,02:25,1193,0,737,1,179,2025-04-04
KN,5980,WNZ,PKX,2025,2255,5 7,02:30,1352,0,737,1,179,2025-04-04
KN,5160,TFU,PKX,0900,1140,12 4567,02:40,1492,0,737,1,185,2025-04-04
KN,5658,LZO,PKX,2120,2355,1 3 5 7,02:35,1535,0,737,1,185,2025-04-04
MU,5391,PKX,SZX,0900,1225,1234567,03:25,1889,0,321,1,173,2025-04-04
MU,2444,PKX,XNN,1910,2140,1234567,02:30,1299,0,320,1,156,2025-04-04
MU,5198,HRB,PKX,1635,1900,1234567,02:25,1053,0,320,1,156,2025-04-04
S7,5724,PKX,OVB,0605,0950,12 45,04:45,3027,0,73H,1,176,2025-04-04
KN,5330,DSN,PKX,1300,1425,123 567,01:25,562,0,737,1,185,2025-04-04
MU,2451,WUH,PKX,0840,1035,1234567,01:55,988,0,73L,1,174,2025-04-04
MU,2822,PKX,WUX,1650,1850,1234567,02:00,961,0,320,1,156,2025-04-04
MU,6267,PKX,KHN,1820,2040,2  5,02:20,1184,0,320,1,156,2025-04-04
MU,6487,NGB,PKX,1830,2050,12345 7,02:20,1170,0,321,1,180,2025-04-04
NS,8023,PKX,NZL,0740,0950,1 345,02:10,1057,0,738,1,183,2025-04-04
CZ,8885,PKX,SHA,1600,1820,56,02:20,1025,0,321,1,178,2025-04-04
CZ,8812,WNZ,PKX,0820,1055,1 345,02:35,1352,0,32Q,1,199,2025-04-04
NS,8002,TFU,PKX,2000,2240,1234567,02:40,1492,0,738,1,183,2025-04-04
NS,8014,INC,PKX,1850,2055,123 56,02:05,904,0,738,1,183,2025-04-04
NS,8077,PKX,LNL,0930,1145,1234567,02:15,1138,0,738,1,167,2025-04-04
CA,8384,HRB,PKX,1000,1155,1  45,01:55,1053,0,738,1,159,2025-04-04
CA,8370,DDG,PKX,1950,2200,1 3 5 7,02:10,674,0,738,1,159,2025-04-04
CA,8667,PKX,KHN,0700,0915,1 3 5,02:15,1184,0,738,1,159,2025-04-04
MU,6860,CAN,PKX,2145,0040,1234567,02:55,1814,0,320,1,156,2025-04-04
MU,6662,SZX,PKX,0655,1010,1234567,03:15,1889,0,321,1,173,2025-04-04
MU,2412,PKX,LHW,1110,1330,1234567,02:20,1165,0,320,1,156,2025-04-04
MU,6281,TFU,PKX,0800,1025,1234567,02:25,1492,0,320,1,156,2025-04-04
CA,8381,PKX,JGS,1525,1810,1   5,02:45,1413,0,738,1,167,2025-04-04
CA,8387,PKX,NGB,1830,2040,12345,02:10,1170,0,738,1,159,2025-04-04
CA,8689,PKX,TGO,0855,1025,1 34567,01:30,658,0,738,1,159,2025-04-04
MU,5200,PKX,XIY,2300,0120,1234567,02:20,880,0,321,1,180,2025-04-04
MU,2117,XIY,PKX,1800,2000,1234567,02:00,880,0,320,1,156,2025-04-04
MU,2949,WUX,PKX,2010,2215,1234567,02:05,961,0,320,1,156,2025-04-04
KN,5629,PKX,XNN,1620,1850,1 3 5,02:30,1299,0,737,1,185,2025-04-04
MU,2105,XIY,PKX,1130,1325,1234567,01:55,880,0,320,1,156,2025-04-04
KN,5951,PKX,WNZ,1815,2045,1234567,02:30,1352,0,737,1,185,2025-04-04
KN,5928,XMN,PKX,1615,1905,1234567,02:50,1670,0,737,1,185,2025-04-04
KN,5831,PKX,ZUH,0850,1215,12345,03:25,1965,0,737,1,179,2025-04-04
MU,5392,SZX,PKX,1340,1700,1234567,03:20,1889,0,321,1,173,2025-04-04
MU,6874,SHA,PKX,1120,1325,12345 7,02:05,1025,0,320,1,156,2025-04-04
CA,8364,RLK,PKX,1930,2120,1 3 5,01:50,752,0,738,1,167,2025-04-04
MU,5130,PKX,PVG,1945,2210,56,02:25,1049,0,320,1,176,2025-04-04
KN,5858,SZX,PKX,1140,1455,1234567,03:15,1889,0,737,1,175,2025-04-04
KN,5808,LLF,PKX,2130,2355,1 3 5,02:25,1529,0,737,1,179,2025-04-04
EY,889,PKX,AUH,1915,0005,2  5 7,08:50,5940,0,789,1,290,2025-04-04
MU,277,PKX,KIX,1700,2100,1234567,03:00,1761,0,320,1,156,2025-04-04
MU,5702,PKX,KMG,1230,1545,1234567,03:15,2034,0,789,1,283,2025-04-04
CZ,3163,CSX,PKX,2045,2320,45,02:35,1291,0,320,1,159,2025-04-04
CZ,8941,PKX,KMG,1430,1800,1 3 5 7,03:30,2034,0,321,1,188,2025-04-04
MF,8109,FOC,PKX,2000,2255,1234567,02:55,1537,0,738,1,169,2025-04-04
9C,7517,PKX,LHW,1040,1255,1234567,02:15,1165,0,320,1,186,2025-04-04
JD,5922,CAN,PKX,1135,1425,1234567,02:50,1814,0,333,1,302,2025-04-04
CZ,6992,NAO,PKX,1030,1255,2 45,02:25,1341,0,320,1,151,2025-04-04
CZ,8858,HGH,PKX,1320,1540,345,02:20,1094,0,321,1,194,2025-04-04
JD,5629,PKX,KMG,1030,1410,5,03:40,2034,0,320,1,173,2025-04-04
NS,8022,ZYI,PKX,1110,1340,1234567,02:30,1550,0,738,1,169,2025-04-04
CZ,6600,PKX,CSX,0915,1150,3 5,02:35,1291,0,320,1,159,2025-04-04
CZ,6267,PKX,HRB,0715,0925,1 3 5,02:10,1053,0,320,1,159,2025-04-04
CZ,8929,PKX,LHW,0730,1000,1  4567,02:30,1165,0,321,1,188,2025-04-04
CZ,3116,PKX,CAN,0730,1035,5,03:05,1814,0,359,1,313,2025-04-04
CZ,6214,PKX,DQA,1050,1255,1 34567,02:05,1070,0,320,1,165,2025-04-04
CZ,3725,YIW,PKX,1630,1845,1   567,02:15,1176,0,738,1,163,2025-04-04
JD,5220,URC,PKX,2010,2355,345,03:45,2437,0,32Q,1,178,2025-04-04
MF,8566,SQJ,PKX,1920,2155,1234567,02:35,1460,0,738,1,169,2025-04-04
CZ,6714,PKX,SYX,1440,1840,5,04:00,2449,0,321,1,188,2025-04-04
CZ,6194,PKX,CGQ,1700,1855,5,01:55,916,0,32N,1,165,2025-04-04
CZ,6902,PKX,URC,1500,1910,12345,04:10,2437,0,788,1,265,2025-04-04
HX,399,PKX,HKG,1430,1810,1  456,03:40,1925,0,320,1,174,2025-04-04
MF,8507,PKX,WUS,1605,1835,23456,02:30,1320,0,738,1,169,2025-04-04
9C,7205,PKX,CJU,1900,2230,3456,02:30,1118,0,320,1,186,2025-04-04
CZ,3102,PKX,CAN,1230,1540,56,03:10,1814,0,350,1,334,2025-04-04
CZ,8937,PKX,SYX,0945,1350,12  56,04:05,2449,0,32Q,1,199,2025-04-04
CZ,8818,CKG,PKX,1955,2235,2  5,02:40,1405,0,32Q,1,199,2025-04-04
MF,8108,PKX,FOC,1555,1900,1 3 56,03:05,1537,0,788,1,236,2025-04-04
NS,8067,PKX,IQN,1500,1645,1234567,01:45,877,0,738,1,183,2025-04-04
CZ,3901,PKX,KMG,0850,1220,1234567,03:30,2034,0,32Q,1,199,2025-04-04
CZ,6107,PKX,TFU,1000,1315,45,03:15,1492,0,321,1,194,2025-04-04
CZ,3117,WUH,PKX,0810,0955,1 3 567,01:45,988,0,738,1,163,2025-04-04
CZ,6122,PKX,DLC,1610,1730,1234567,01:20,446,0,321,1,194,2025-04-04
NS,8028,NGB,PKX,1125,1340,1234567,02:15,1170,0,738,1,183,2025-04-04
D7,342,KUL,PKX,1840,0105,1234567,06:25,4347,0,333,1,377,2025-04-04
KN,5580,YNJ,PKX,1055,1325,1 3 5 7,02:30,1152,0,737,1,175,2025-04-04
MU,6235,PKX,HRB,2155,0005,1234567,02:10,1053,0,320,1,156,2025-04-04
CA,8619,PKX,HYN,1815,2035,3 5,02:20,1300,0,73G,1,128,2025-04-04
MU,2456,PKX,WUH,2050,2305,2 4567,02:15,988,0,73L,1,174,2025-04-04
MU,6687,PKX,CKG,1815,2100,1   567,02:45,1405,0,320,1,156,2025-04-04
MU,2113,XIY,PKX,1600,1755,12345 7,01:55,880,0,321,1,180,2025-04-04
NS,8021,PKX,ZYI,0740,1025,1234567,02:45,1550,0,738,1,169,2025-04-04
SQ,811,PKX,SIN,0925,1550,1234567,06:25,4422,0,787,1,337,2025-04-04
CZ,3277,NNG,PKX,0810,1125,12 4567,03:15,2033,0,738,1,163,2025-04-04
CZ,3111,CAN,PKX,1800,2105,12  5,03:05,1814,0,320,1,159,2025-04-04
JD,5657,PKX,XNN,0755,1030,1 3 5 7,02:35,1299,0,320,1,134,2025-04-04
MF,8327,PKX,CSX,1225,1500,12  5,02:35,1291,0,738,1,183,2025-04-04
CZ,6127,DLC,PKX,1630,1755,1 3 5 7,01:25,446,0,321,1,188,2025-04-04
CZ,3179,CAN,PKX,1300,1605,5,03:05,1814,0,32N,1,165,2025-04-04
CZ,3189,SZX,PKX,1530,1845,5,03:15,1889,0,320,1,151,2025-04-04
CZ,673,PKX,LHR,1400,1805,1234567,11:05,8192,0,350,1,334,2025-04-04
CZ,6916,PKX,URC,1730,2200,3 5,04:30,2437,0,738,1,177,2025-04-04
MF,8107,FOC,PKX,1200,1445,5,02:45,1537,0,789,1,286,2025-04-04
CZ,6991,PKX,NAO,0705,0945,2 45,02:40,1341,0,320,1,151,2025-04-04
JD,5913,PKX,HAK,2020,2355,1   5,03:35,2247,0,320,1,173,2025-04-04
CZ,6184,CTU,PKX,1630,1915,1 3 5 7,02:45,1505,0,320,1,159,2025-04-04
CZ,6193,CGQ,PKX,1330,1540,1234567,02:10,916,0,32N,1,165,2025-04-04
CZ,6108,TFU,PKX,1430,1715,45,02:45,1492,0,321,1,194,2025-04-04
CZ,6908,PKX,URC,1200,1615,1   567,04:15,2437,0,32Q,1,199,2025-04-04
CZ,6284,PKX,NNG,2000,2325,1   5,03:25,2033,0,738,1,177,2025-04-04
CZ,3173,SZX,PKX,1830,2200,1   5,03:30,1889,0,321,1,178,2025-04-04
CZ,3107,CAN,PKX,2100,0010,1234567,03:10,1814,0,32Q,1,199,2025-04-04
CZ,3998,KMG,PKX,0830,1200,12345,03:30,2034,0,32Q,1,199,2025-04-04
CZ,8815,PKX,CKG,1300,1545,1 3 567,02:45,1405,0,32Q,1,199,2025-04-04
MF,8166,PKX,FOC,1355,1700,1 3 5 7,03:05,1537,0,7M8,1,173,2025-04-04
AT,231,PKX,CMN,1355,2015,2  5,14:20,10068,0,789,1,302,2025-04-04
CZ,6179,CGQ,PKX,1925,2140,5,02:15,916,0,32Q,1,199,2025-04-04
NS,8035,PKX,CKG,1405,1645,1234567,02:40,1405,0,738,1,183,2025-04-04
SV,0887,PKX,DMM,2125,0225,1   5,10:00,6235,0,789,1,298,2025-04-04
VZ,3718,BKK,PKX,1910,0100,1234567,04:50,3252,0,320,1,180,2025-04-04
CZ,8842,KMG,PKX,1650,2015,5,03:25,2034,0,320,1,151,2025-04-04
MF,8114,PKX,JJN,1350,1635,1234567,02:45,1648,0,738,1,169,2025-04-04
CZ,8851,PKX,HGH,1555,1815,3 5 7,02:20,1094,0,321,1,188,2025-04-04
DZ,6203,YIH,PKX,0935,1150,1 3 5 7,02:15,1090,0,737,1,179,2025-04-04
JD,5221,PKX,ERL,2020,2140,1234567,01:20,563,0,320,1,134,2025-04-04
MF,846,DOH,PKX,0145,1425,1   5,07:40,6151,0,788,1,103,2025-04-04
NS,8013,PKX,INC,1550,1750,123 56,02:00,904,0,738,1,183,2025-04-04
CZ,6717,SYX,PKX,1835,2240,123 56,04:05,2449,0,321,1,194,2025-04-04
MF,8484,KMG,PKX,1310,1620,5,03:10,2034,0,738,1,163,2025-04-04
CZ,6168,PKX,CGQ,2015,2215,123456,02:00,916,0,32N,1,165,2025-04-04
CZ,3099,CAN,PKX,0900,1205,56,03:05,1814,0,789,1,296,2025-04-04
NS,8029,PKX,KWL,0800,1055,1234567,02:55,1695,0,738,1,183,2025-04-04
HX,398,HKG,PKX,1000,1330,1  456,03:30,1925,0,320,1,174,2025-04-04
CZ,6907,URC,PKX,1730,2125,1   567,03:55,2437,0,32Q,1,199,2025-04-04
JD,5559,PKX,TFU,1545,1835,123 567,02:50,1492,0,333,1,302,2025-04-04
NS,8038,JIC,PKX,1150,1355,1 3 5,02:05,1217,0,738,1,183,2025-04-04
CZ,346,AMS,PKX,2140,1325,1234567,09:45,7866,0,350,1,334,2025-04-04
CZ,3285,NNG,PKX,1400,1720,1234567,03:20,2033,0,738,1,171,2025-04-04
MF,8120,PKX,FOC,2010,2245,1   5,02:35,1537,0,738,1,163,2025-04-04
CZ,6268,HRB,PKX,1525,1735,1 3 5,02:10,1053,0,320,1,159,2025-04-04
CZ,8931,HAK,PKX,1525,1855,12  5,03:30,2247,0,320,1,151,2025-04-04
CZ,3681,KWE,PKX,0800,1055,12 4567,02:55,1693,0,738,1,163,2025-04-04
HO,1254,PKX,SHA,2005,2210,1234567,02:05,1025,0,32Q,1,206,2025-04-04
MF,8116,PKX,FOC,1155,1500,3 5,03:05,1537,0,738,1,163,2025-04-04
MF,8393,PKX,SYX,0740,1125,1234567,03:45,2449,0,32Q,1,206,2025-04-04
MU,2115,XIY,PKX,1700,1900,1234567,02:00,880,0,919,1,162,2025-04-04
MU,9544,KWE,PKX,1515,1815,1234567,03:00,1693,0,321,1,173,2025-04-04
MU,5704,PKX,KMG,1030,1350,2 456,03:20,2034,0,737,1,132,2025-04-04
CA,8611,PKX,CSX,2100,2335,123456,02:35,1291,0,738,1,159,2025-04-04
CA,8680,PKX,PVG,1040,1300,1234567,02:20,1049,0,321,1,185,2025-04-04
CA,8663,PKX,YIH,1225,1435,1 34567,02:10,1090,0,738,1,159,2025-04-04
CA,8635,PKX,YBP,0845,1150,1 3 5,03:05,1611,0,738,1,167,2025-04-04
CZ,6180,PKX,CGQ,0830,1030,2 45,02:00,916,0,320,1,159,2025-04-04
CZ,6121,DLC,PKX,1330,1455,1234567,01:25,446,0,321,1,194,2025-04-04
CZ,6711,SYX,PKX,0800,1205,2  56,04:05,2449,0,321,1,194,2025-04-04
MF,8113,JJN,PKX,1000,1240,1234567,02:40,1648,0,738,1,169,2025-04-04
QR,892,DOH,PKX,0210,1500,2345,07:50,6151,0,77W,1,358,2025-04-04
CZ,3732,PKX,ZUH,1315,1640,5 7,03:25,1965,0,738,1,163,2025-04-04
CZ,8902,HSC,PKX,1200,1450,3 5,02:50,1650,0,321,1,188,2025-04-04
CZ,6159,PKX,KMG,1620,1945,1 345,03:25,2034,0,32Q,1,199,2025-04-04
CZ,3164,PKX,CSX,1815,2045,1   5,02:30,1291,0,320,1,159,2025-04-04
HO,1258,PKX,PVG,1425,1640,1 3 5 7,02:15,1049,0,32A,1,197,2025-04-04
JD,5678,NZH,PKX,1120,1355,3 5,02:35,1120,0,32Q,1,178,2025-04-04
NS,8036,CKG,PKX,2010,2245,1 3 5 7,02:35,1405,0,738,1,183,2025-04-04
CZ,3726,PKX,YIW,2135,2345,5,02:10,1176,0,738,1,171,2025-04-04
CZ,6162,CTU,PKX,1230,1515,1234567,02:45,1505,0,32Q,1,199,2025-04-04
CZ,3152,PKX,SZX,1300,1625,1   5,03:25,1889,0,32Q,1,199,2025-04-04
CZ,3151,SZX,PKX,0830,1145,1   5,03:15,1889,0,32Q,1,199,2025-04-04
JD,5658,XNN,PKX,1640,1915,1 3 5 7,02:35,1299,0,320,1,134,2025-04-04
CZ,8811,PKX,WNZ,2030,2255,3 5 7,02:25,1352,0,321,1,178,2025-04-04
MF,8169,XMN,PKX,1700,2000,123456,03:00,1670,0,32Q,1,206,2025-04-04
MF,8165,FOC,PKX,1000,1240,1 3 5 7,02:40,1537,0,7M8,1,173,2025-04-04
CZ,315,PKX,ICN,1915,2210,12  56,01:55,901,0,321,1,178,2025-04-04
CZ,6910,PKX,URC,1930,2350,1  45,04:20,2437,0,738,1,163,2025-04-04
CZ,345,PKX,AMS,1415,1840,1234567,10:25,7866,0,350,1,334,2025-04-04
CZ,8942,KMG,PKX,1915,2240,1234567,03:25,2034,0,321,1,146,2025-04-04
CZ,6104,CTU,PKX,1730,2015,1   5,02:45,1505,0,320,1,151,2025-04-04
CZ,6719,HAK,PKX,1840,2240,1 3 5 7,04:00,2247,0,321,1,188,2025-04-04
CZ,3192,PKX,SZX,1000,1320,2  5,03:20,1889,0,321,1,178,2025-04-04
CZ,6605,WUH,PKX,2200,0035,1234567,02:35,988,0,738,1,163,2025-04-04
JD,5560,TFU,PKX,1120,1355,123 567,02:35,1492,0,333,1,302,2025-04-04
CZ,8877,PKX,XMN,2030,2325,1234567,02:55,1670,0,32Q,1,199,2025-04-04
CZ,3119,HAK,PKX,0805,1200,12  5,03:55,2247,0,32Q,1,199,2025-04-04
MF,8118,PKX,XMN,1105,1355,123 56,02:50,1670,0,32Q,1,206,2025-04-04
CA,8631,PKX,MIG,0915,1155,5,02:40,1384,0,738,1,159,2025-04-04
CA,8640,KHN,PKX,1410,1625,3 5 7,02:15,1184,0,738,1,167,2025-04-04
CA,8382,JGS,PKX,1915,2200,1   5,02:45,1413,0,738,1,167,2025-04-04
CA,8661,PKX,JDZ,0850,1100,1  4567,02:10,1131,0,738,1,159,2025-04-04
MU,2121,XIY,PKX,2230,0025,12345 7,01:55,880,0,320,1,156,2025-04-04
MU,6865,PKX,SHA,0700,0915,5,02:15,1025,0,321,1,180,2025-04-04
MU,6868,SHA,PKX,1030,1240,5,02:10,1025,0,321,1,180,2025-04-04
CA,8690,TGO,PKX,1115,1250,1 34567,01:35,658,0,738,1,159,2025-04-04
KN,2126,DSN,PKX,0730,0905,1234567,01:35,562,0,737,1,185,2025-04-04
MU,5715,LJG,PKX,1900,2225,1234567,03:25,2066,0,737,1,132,2025-04-04
MU,6686,CKG,PKX,1950,2225,1 34567,02:35,1405,0,321,1,173,2025-04-04
KN,5619,PKX,HZG,1740,1945,1 3 5 7,02:05,1085,0,737,1,143,2025-04-04
MU,2662,ZUH,PKX,2010,2340,1234567,03:30,1965,0,320,1,156,2025-04-04
MU,6161,PKX,HGH,1340,1540,1 3 5 7,02:00,1094,0,321,1,180,2025-04-04
MU,5140,HGH,PKX,2230,0040,12345 7,02:10,1094,0,321,1,180,2025-04-04
KN,5612,URC,PKX,1350,1755,5,04:05,2437,0,737,1,172,2025-04-04
EU,6665,CTU,PKX,0900,1150,1234567,02:50,1505,0,321,1,225,2025-04-04
KN,877,PKX,VVO,1330,1800,234567,02:30,1376,0,737,1,177,2025-04-04
KN,5880,HJJ,PKX,1100,1340,1 3 5 7,02:40,1476,0,737,1,185,2025-04-04
MU,2104,PKX,XIY,0900,1105,1234567,02:05,880,0,320,1,156,2025-04-04
MU,2103,XIY,PKX,0900,1040,1234567,01:40,880,0,321,1,180,2025-04-04
MU,5720,PKX,KMG,0715,1030,12345,03:15,2034,0,73L,1,174,2025-04-04
MU,2124,PKX,INC,2225,0025,1234567,02:00,904,0,320,1,156,2025-04-04
MU,6645,PKX,CTU,1130,1435,123 56,03:05,1505,0,320,1,156,2025-04-04
CA,8642,WEH,PKX,2045,2210,12345 7,01:25,568,0,738,1,159,2025-04-04
KN,5627,PKX,ACX,1620,1945,1234567,03:25,1925,0,737,1,185,2025-04-04
MU,2129,PKX,LHW,0710,0935,1234567,02:25,1165,0,320,1,156,2025-04-04
CZ,3177,CAN,PKX,1100,1415,5,03:15,1814,0,32Q,1,199,2025-04-04
CZ,3999,CAN,PKX,1500,1810,5,03:10,1814,0,320,1,151,2025-04-04
CZ,3717,CSX,PKX,0930,1200,2  5 7,02:30,1291,0,32N,1,165,2025-04-04
CZ,6028,TAS,PKX,2125,0545,3 5 7,05:20,3946,0,333,1,285,2025-04-04
CZ,6901,URC,PKX,1000,1345,12345,03:45,2437,0,788,1,265,2025-04-04
CZ,6571,SWA,PKX,0830,1135,1   567,03:05,1786,0,738,1,163,2025-04-04
CZ,3688,PKX,KWE,1200,1500,12 4567,03:00,1693,0,738,1,163,2025-04-04
NS,8079,PKX,ZHA,0655,1040,1 3 5 7,03:45,2076,0,738,1,183,2025-04-04
MU,6236,HRB,PKX,0650,0900,1234567,02:10,1053,0,320,1,156,2025-04-04
MU,278,KIX,PKX,1000,1220,1234567,03:20,1761,0,320,1,156,2025-04-04
CA,8622,KWL,PKX,1505,1800,123456,02:55,1695,0,738,1,159,2025-04-04
CA,8666,CGQ,PKX,1100,1255,1 3 5 7,01:55,916,0,7M8,1,176,2025-04-04
KN,5668,UYN,PKX,1010,1140,3 5 7,01:30,594,0,737,1,179,2025-04-04
MU,6642,CTU,PKX,1330,1555,1234567,02:25,1505,0,320,1,156,2025-04-04
CA,8368,PKX,HGH,1935,2145,12  567,02:10,1094,0,319,1,128,2025-04-04
MU,6959,PKX,HAK,0755,1205,123456,04:10,2247,0,320,1,156,2025-04-04
MU,6648,CTU,PKX,2030,2315,1234567,02:45,1505,0,320,1,156,2025-04-04
CA,8677,CAN,PKX,1535,1850,23 5 7,03:15,1814,0,321,1,158,2025-04-04
CA,8362,JUZ,PKX,1120,1335,23 5 7,02:15,1193,0,738,1,167,2025-04-04
CA,8668,KHN,PKX,1005,1220,1 3 5,02:15,1184,0,738,1,159,2025-04-04
KN,5101,UYN,PKX,1950,2130,1234567,01:40,594,0,737,1,185,2025-04-04
MU,9687,PKX,HGH,0915,1115,1234567,02:00,1094,0,737,1,132,2025-04-04
CA,8610,DYG,PKX,1710,1945,12345 7,02:35,1278,0,738,1,159,2025-04-04
KN,5812,HAK,PKX,1835,2230,1234567,03:55,2247,0,737,1,185,2025-04-04
KN,820,KIX,PKX,2200,0030,1234567,03:30,1761,0,737,1,174,2025-04-04
KN,5532,LLV,PKX,1520,1640,1 3456,01:20,501,0,737,1,185,2025-04-04
MU,5172,PKX,HFE,0955,1135,1234567,01:40,837,0,320,1,156,2025-04-04
A6,7778,PKX,CSX,1155,1425,1234567,02:30,1291,0,321,1,219,2025-04-04
CA,8616,DQA,PKX,1700,1930,3 5,02:30,1070,0,738,1,159,2025-04-04
KN,5889,PKX,ZHA,1445,1825,1 3 5 7,03:40,2076,0,737,1,185,2025-04-04
MU,6853,PKX,CAN,0900,1150,1234567,02:50,1814,0,320,1,156,2025-04-04
MU,5701,KMG,PKX,0800,1115,1234567,03:15,2034,0,789,1,283,2025-04-04
RY,8865,KHN,PKX,0900,1115,1234567,02:15,1184,0,738,1,169,2025-04-04
KN,5807,PKX,LLF,1800,2045,1 3 5,02:45,1529,0,737,1,179,2025-04-04
MU,6685,PKX,CKG,1540,1830,1 34567,02:50,1405,0,321,1,173,2025-04-04
MF,8556,PVG,PKX,2045,2255,5,02:10,1049,0,738,1,163,2025-04-04
CZ,8830,XIY,PKX,1000,1200,2345 7,02:00,880,0,32Q,1,199,2025-04-04
CZ,6204,PKX,HRB,0830,1035,12 4567,02:05,1053,0,321,1,194,2025-04-04
MF,8565,PKX,SQJ,1555,1835,23456,02:40,1460,0,738,1,169,2025-04-04
VJ,3949,PKX,SGN,0105,0500,1234567,04:55,3330,0,320,1,180,2025-04-04
CZ,6132,PKX,DLC,0725,0900,5,01:35,446,0,321,1,194,2025-04-04
CZ,6903,URC,PKX,1430,1815,123456,03:45,2437,0,738,1,163,2025-04-04
CZ,8917,PKX,CKG,0815,1100,12  5,02:45,1405,0,32Q,1,199,2025-04-04
JD,5630,KMG,PKX,1540,1915,5,03:35,2034,0,320,1,173,2025-04-04
NS,8039,PKX,KWE,1455,1800,12 456,03:05,1693,0,738,1,169,2025-04-04
CZ,6715,SYX,PKX,1350,1755,345 7,04:05,2449,0,321,1,194,2025-04-04
CZ,6138,CSX,PKX,1115,1340,1   5,02:25,1291,0,321,1,188,2025-04-04
CZ,3175,SZX,PKX,0930,1245,1   5,03:15,1889,0,350,1,334,2025-04-04
CZ,8955,PKX,HFE,1255,1445,5 7,01:50,837,0,32Q,1,199,2025-04-04
MF,8149,HGH,PKX,1000,1205,1234567,02:05,1094,0,32Q,1,206,2025-04-04
SQ,810,SIN,PKX,0030,0635,1234567,06:05,4422,0,787,1,337,2025-04-04
HO,1257,PVG,PKX,1100,1320,1 3 5 7,02:20,1049,0,32A,1,197,2025-04-04
CA,8615,PKX,DQA,1355,1600,123456,02:05,1070,0,738,1,159,2025-04-04
KN,5927,PKX,XMN,1215,1455,1234567,02:40,1670,0,737,1,185,2025-04-04
KN,5875,PKX,ZUH,1335,1700,1234567,03:25,1965,0,737,1,185,2025-04-04
KN,5520,LDS,PKX,1010,1245,1234567,02:35,1363,0,737,1,185,2025-04-04
MU,2106,PKX,XIY,1000,1200,1234567,02:00,880,0,320,1,156,2025-04-04
MU,5180,PKX,NGB,2015,2230,1234567,02:15,1170,0,320,1,156,2025-04-04
MU,2109,XIY,PKX,1300,1500,12 4567,02:00,880,0,320,1,176,2025-04-04
MU,2443,XNN,PKX,1530,1755,1 34567,02:25,1299,0,320,1,156,2025-04-04
CA,8367,HGH,PKX,1610,1830,12  567,02:20,1094,0,319,1,128,2025-04-04
MU,2111,XIY,PKX,1400,1600,1234567,02:00,880,0,320,1,156,2025-04-04
MU,5147,PKX,HGH,1235,1435,56,02:00,1094,0,320,1,176,2025-04-04
MU,9688,HGH,PKX,2105,2310,1 3 5,02:05,1094,0,737,1,132,2025-04-04
CA,8606,BZX,PKX,1710,1930,23 567,02:20,1233,0,738,1,159,2025-04-04
MU,2112,PKX,XIY,1400,1615,1234567,02:15,880,0,320,1,156,2025-04-04
MU,9708,PKX,ZAT,1900,2240,1 3 5 7,03:40,1788,0,737,1,132,2025-04-04
MU,6303,PKX,CAN,0815,1135,12 45 7,03:20,1814,0,320,1,156,2025-04-04
MU,2668,PKX,WUX,2135,2340,12  5,02:05,961,0,320,1,156,2025-04-04
KN,5909,PKX,YIW,1010,1215,1234567,02:05,1176,0,737,1,185,2025-04-04
MU,5031,PKX,SIN,1715,2340,1234567,06:25,4422,0,320,1,135,2025-04-04
MU,2667,WUX,PKX,1810,2030,12345 7,02:20,961,0,320,1,156,2025-04-04
MU,6682,CKG,PKX,1120,1400,1 34567,02:40,1405,0,321,1,173,2025-04-04
CA,8630,ZUH,PKX,1355,1715,5,03:20,1965,0,73G,1,128,2025-04-04
KN,5892,FUO,PKX,1415,1710,1234567,02:55,1852,0,737,1,185,2025-04-04
KN,5357,PKX,WUZ,0915,1235,1 3 5 7,03:20,1857,0,737,1,143,2025-04-04
MU,5176,PKX,KHN,2240,0050,1234567,02:10,1184,0,320,1,156,2025-04-04
MU,5169,HFE,PKX,1455,1650,1234567,01:55,837,0,320,1,156,2025-04-04
MU,6690,CKG,PKX,2215,0035,1   567,02:20,1405,0,320,1,156,2025-04-04
KN,5637,PKX,LHW,1420,1645,1 3 5 7,02:25,1165,0,737,1,185,2025-04-04
KN,5517,PKX,DBC,0700,0845,1 3 5 7,01:45,858,0,737,1,185,2025-04-04
MU,9967,PKX,CSX,1425,1700,1234567,02:35,1291,0,320,1,156,2025-04-04
MU,2842,PKX,NKG,2000,2155,1 345 7,01:55,890,0,320,1,156,2025-04-04
CA,8664,YIH,PKX,1520,1725,1 3456,02:05,1090,0,738,1,159,2025-04-04
CA,8694,WDS,PKX,2010,2205,1 3 5 7,01:55,912,0,738,1,167,2025-04-04
MU,2123,INC,PKX,1925,2120,1234567,01:55,904,0,320,1,156,2025-04-04
CZ,3159,SZX,PKX,1030,1345,45,03:15,1889,0,321,1,178,2025-04-04
CZ,8824,XIY,PKX,1630,1830,1   5,02:00,880,0,738,1,185,2025-04-04
CZ,6218,PKX,HRB,1555,1755,12  567,02:00,1053,0,321,1,194,2025-04-04
CZ,8879,PKX,SHA,1200,1410,123 567,02:10,1025,0,321,1,178,2025-04-04
CZ,3186,PKX,CAN,1400,1715,3 56,03:15,1814,0,32Q,1,199,2025-04-04
CZ,6123,DLC,PKX,1925,2100,12345,01:35,446,0,320,1,159,2025-04-04
CZ,3176,PKX,SZX,1200,1530,12  5,03:30,1889,0,32Q,1,199,2025-04-04
MF,8129,HGH,PKX,1840,2045,5,02:05,1094,0,738,1,163,2025-04-04
9C,7518,LHW,PKX,1505,1725,3456,02:20,1165,0,320,1,186,2025-04-04
CZ,8944,SHS,PKX,2145,0005,1234567,02:20,1083,0,320,1,151,2025-04-04
MF,8396,CAN,PKX,1215,1515,23456,03:00,1814,0,32Q,1,206,2025-04-04
MF,8101,XMN,PKX,1100,1350,1 3 567,02:50,1670,0,788,1,236,2025-04-04
NS,8011,PKX,JJN,1635,1910,1234567,02:35,1648,0,738,1,183,2025-04-04
CZ,6606,PKX,WUH,0750,0950,5 7,02:00,988,0,738,1,163,2025-04-04
CZ,3137,WUH,PKX,1210,1410,23 5,02:00,988,0,738,1,177,2025-04-04
CZ,8856,HGH,PKX,1220,1440,1234567,02:20,1094,0,321,1,188,2025-04-04
CZ,6217,HRB,PKX,1200,1415,2  567,02:15,1053,0,321,1,194,2025-04-04
CZ,3123,CSX,PKX,0810,1040,123 567,02:30,1291,0,320,1,159,2025-04-04
NS,8061,PKX,CSX,0900,1125,123 5,02:25,1291,0,738,1,183,2025-04-04
CZ,5097,PKX,ALA,1830,2110,1234567,05:40,3277,0,32Q,1,199,2025-04-04
CZ,5098,ALA,PKX,2240,0625,1234567,04:45,3277,0,32Q,1,199,2025-04-04
NS,8018,HGH,PKX,1925,2200,123456,02:35,1094,0,738,1,183,2025-04-04
NS,8078,LNL,PKX,1755,2000,1 3 5 7,02:05,1138,0,738,1,167,2025-04-04
VZ,3719,PKX,BKK,0215,0600,1 34567,04:45,3252,0,320,1,180,2025-04-04
CZ,3731,ZUH,PKX,0840,1200,5 7,03:20,1965,0,738,1,163,2025-04-04
CZ,6103,PKX,CTU,1300,1600,12 45,03:00,1505,0,320,1,151,2025-04-04
MF,8104,PKX,XMN,0745,1025,5,02:40,1670,0,738,1,163,2025-04-04
QR,893,PKX,DOH,0145,0540,3456,08:55,6151,0,77W,1,358,2025-04-04
CZ,8850,CTU,PKX,0830,1110,12345,02:40,1505,0,350,1,334,2025-04-04
D7,343,PKX,KUL,0215,0830,1234567,06:15,4347,0,333,1,377,2025-04-04
KN,5302,FUO,PKX,1150,1440,2345,02:50,1852,0,737,1,179,2025-04-04
MU,5132,PKX,HGH,1100,1300,34567,02:00,1094,0,321,1,180,2025-04-04
CA,8662,JDZ,PKX,1145,1350,1  4567,02:05,1131,0,738,1,159,2025-04-04
KN,5872,WHA,PKX,2100,2315,3 5,02:15,954,0,737,1,143,2025-04-04
MU,5458,PKX,HGH,1900,2105,1234567,02:05,1094,0,321,1,180,2025-04-04
MU,9851,PKX,URC,1445,1855,1234567,04:10,2437,0,320,1,156,2025-04-04
GY,7101,KWE,PKX,0830,1110,1234567,02:40,1693,0,32A,1,165,2025-04-04
CA,8693,PKX,WDS,1655,1905,1 3 5 7,02:10,912,0,738,1,167,2025-04-04
KN,5579,PKX,YNJ,0800,1010,1 3 5 7,02:10,1152,0,737,1,175,2025-04-04
KN,5518,DBC,PKX,0930,1110,1 3 5 7,01:40,858,0,737,1,185,2025-04-04
KN,5837,PKX,DXJ,0900,1135,1 3 5 7,02:35,1378,0,737,1,185,2025-04-04
KN,5521,PKX,HLD,1535,1745,1 345,02:10,1110,0,737,1,185,2025-04-04
MU,5709,KMG,PKX,1500,1815,5,03:15,2034,0,73M,1,174,2025-04-04
MU,5194,HGH,PKX,1045,1250,12345 7,02:05,1094,0,321,1,173,2025-04-04
MU,6301,PKX,CAN,0715,1030,12345 7,03:15,1814,0,321,1,180,2025-04-04
KN,5991,PKX,NGB,1255,1515,1234567,02:20,1170,0,737,1,179,2025-04-04
KN,5955,PKX,SHA,1630,1840,1234567,02:10,1025,0,73E,1,169,2025-04-04
MU,6282,PKX,TFU,1215,1505,1234567,02:50,1492,0,320,1,156,2025-04-04
MU,6270,KRL,PKX,1550,2015,1234567,04:25,2554,0,320,1,156,2025-04-04
KN,5925,PKX,FOC,0915,1205,456,02:50,1537,0,737,1,143,2025-04-04
KN,5890,ZHA,PKX,1910,2250,1 3 5 7,03:40,2076,0,737,1,185,2025-04-04
7C,8136,PKX,CJU,1430,1755,1 3 5 7,02:25,1118,0,738,1,174,2025-04-04
CA,8681,PKX,JMU,1015,1225,5 7,02:10,1397,0,738,1,159,2025-04-04
MU,5131,HGH,PKX,0720,0945,3 5 7,02:25,1094,0,321,1,180,2025-04-04
MU,789,PKX,HND,1120,1600,1234567,03:40,2099,0,321,1,180,2025-04-04
MU,790,HND,PKX,1735,2040,1234567,04:05,2099,0,321,1,180,2025-04-04
KN,5992,NGB,PKX,1605,1830,1 34567,02:25,1170,0,737,1,179,2025-04-04
KN,5657,PKX,LZO,1740,2035,1 3 5 7,02:55,1535,0,737,1,185,2025-04-04
MU,5199,XIY,PKX,0630,0830,1234567,02:00,880,0,321,1,180,2025-04-04
MU,2415,LHW,PKX,1530,1740,1234567,02:10,1165,0,320,1,156,2025-04-04
MU,6647,PKX,CTU,1630,1925,1234567,02:55,1505,0,320,1,156,2025-04-04
MU,5177,NGB,PKX,0720,0935,234567,02:15,1170,0,321,1,180,2025-04-04
S7,6311,IKT,PKX,0150,0440,2 456,02:50,1691,0,73H,1,176,2025-04-04
,,,,,,,,,,,,,
Data copyright 2025. OAG Aviation Worldwide Ltd. All right reserved.,,,,,,,,,,,,,
USAGE: 878 RECORDS.,,,,,,,,,,,,,
